Word,Mean
je,yo
de,de
est,es
pas,no
le,la
vous,vosotras
la,la
tu,tú
que,que
un,a
il,Él
et,y
à,a
a,posee
ne,no
les,a ellos
ce,este
en,en
on,nosotros
ça,que
une,a
ai,tener
pour,para
des,desde
moi,yo
qui,quién
nous,nosotros
y,Y
mais,pero
me,yo
dans,dentro
du,de
bien,bien
elle,ella
si,si
tout,todo
plus,Más
non,No
mon,mi 
suis,soy
te,tú
au,a
avec,con
va,Vamos
oui,sí
toi,tú
fait,hacer
ils,ellos
as,COMO
être,estar
faire,hacer
se,SE
comme,como
était,estaba
sur,seguro
quoi,qué
ici,aquí
sais,saber
lui,a él
veux,desear
ma,mi
là,la
rien,nada
dit,dijo
es,frasco
où,dónde
votre,su
pourquoi,Por qué
sont,están
cette,este
quand,cuando
par,por
son,su
ton,su
peux,puedo
vais,Vamos
dire,decir
alors,entonces
comment,Como? 'O' que
avez,tener
bon,Bien
ou,Dónde
très,muy
merci,Gracias
ont,tienen
même,mismo
jamais,Nunca
aussi,también
voir,ver
chose,cosa
allez,vamos
tous,todos
deux,de ellos
ces,estas
faut,debería
sa,su
êtes,son
été,Verano
ta,su
fais,hacer 
avoir,haber
peut,puede
autre,otro
m,METRO
encore,Otra vez
maintenant,Ahora
peu,poco
mes,mi
vraiment,De Verdad
temps,tiempo
notre,nuestro
toujours,todavía
vie,vida
sans,sin que
juste,sólo
oh,Vaya
avait,tenía
accord,OK
vu,visto
monde,mundo
quelque,alguno
fois,tiempo
aller,Vamos
trop,demasiado
viens,ven
crois,creer
dieu,dios
dois,debo
homme,hombre
père,papá
sûr,seguro
aux,a
leur,sus
avant,antes de
étais,es
besoin,necesitar
femme,mujeres
aime,amor
personne,nadie
avais,tenido
chez,en la casa de
vrai,real
ans,año
mal,mal
ses,su
parler,hablar
vos,su
après,después
mort,muerto
veut,querer
eu,UE
sera,estarán
bonne,buena
parce,por
mieux,mejor
petit,pequeño
voilà,listo
tes,su 
ca,que
dis,decir
beaucoup,mucho
depuis,desde
doit,deber
vois,ver 
mère,madre
vas,Vamos
monsieur,señor
quel,qué
déjà,ya
fille,hija
gens,gente
donc,Entonces
jour,día
soir,tardecita
autres,otros
ii,II
toute,toda
bonjour,Buenos dias
ll,LL
maison,hogar
nom,apellido
argent,dinero
nos,nuestro
ouais,sí
pense,pensar
merde,mierda
nuit,noche
papa,padre
cela,que
salut,Hola
cet,este
avons,tenemos
reste,descansar
désolé,Lo siento
maman,mamá
peur,miedo
arrive,llegado
seul,Sólo
vite,rápido
prendre,tomar
regarde,mirado
air,aire
soit,eso es
trois,tres
quelle,qué
passé,pasado
savoir,saber
plaît,celda
choses,cosas
moins,menos
fils,hijo
entre,Entre
bas,abajo
appelle,llamar
passe,pasar
ah,ahorcado
tête,cabeza
demain,mañana
grand,grande
arrête,detenido
faites,hecho
voulez,desear
hé,Oye
attends,esperar
hein,eh
enfants,niños
assez,suficiente
raison,razón
aurais,tendría
voulais,querido
elles,ellas
parle,hablar
ok,OK
jours,días
dû,de
moment,momento
heure,hora
puis,después
gars,tipo
hommes,hombres
amour,amor
tard,tarde
toutes,todas
sommes,somos
tuer,matar
eh,eh
ami,amigo
connais,saber
petite,pequeña
aider,ayudar
chance,suerte
savez,saber
partir,"Marcharse, irse"
sait,saber
combien,Cuanto
voiture,carro
tant,mucho
pris,tomado
part,Vamos
problème,problema
prends,tomar
porte,portón
coup,Corte
serait,sería
venir,venir
hui,hui
famille,familia
travail,trabajar
pu,pudo
seule,solamente
sens,sentido
ni,ninguno de los dos
allons,vamos
revoir,ver de nuevo
idée,ocurrencia
putain,puta
passer,gastar
contre,versus
comprends,comprender
entendu,comprendido
trouvé,fundar
trouver,encontrar
vieux,antiguo
vient,venir
pendant,durante
aurait,tendría
quelques,algunas
attention,atención
demande,solicitud
chercher,buscar
sous,por debajo
voici,aquí está
pourrait,pudo
sang,sangre
pouvez,pueden
sortir,salir
question,pregunta
histoire,historia
amis,amigos
venez,venir
frère,hermano
rester,Quédate
fini,acabado
ville,pueblo
nouveau,nuevo
truc,cosa
tiens,aquí
mois,mes
eux,a ellos
mec,tipo
yeux,ojos
laisse,dejar solo
super,Excelente
belle,precioso
longtemps,mucho tiempo
police,policía
eau,agua
heures,horas
car,porque
importe,importado
cas,caso
vont,van
chaque,cada
terre,tierra
place,cuadrado
tué,matar
type,tipo
main,mano
pardon,perdón
ensemble,juntos
seulement,solamente
guerre,guerra
beau,hermoso
vers,hacia
mme,Sra
prie,rezar
devant,delante
trouve,encontrar
partie,parte
suite,después
compris,comprendido
matin,Mañana
leurs,sus
aucun,ninguna
arrivé,venir
dessus,arriba
chérie,Cariño
mettre,poner
aide,Ayuda
étaient,fueron
ie,es decir
perdu,perdió
fin,final
sois,ser
premier,primero
genre,género
aimerais,gustaria
droit,correcto
donne,dado
attendez,Espere
jeune,joven
feu,fuego
devrais,debería
enfant,niño
chambre,habitación
gros,grueso
côté,lado
venu,vino
loin,lejos
laisser,dejar
donner,dar
jouer,jugar
savais,supo
compte,cuenta
s,s
parlé,hablar
minutes,minutos
regardez,Mira
train,tren
première,primero
pouvoir,poder
aura,tendrá
mourir,morir
dernière,ultimo
donné,dado
ia,I A
mari,esposo
écoute,escuchar
enfin,finalmente
devrait,debería
mis,poner
film,película
aucune,ninguna
fort,fuerte
façon,camino
pays,país
prêt,listo
madame,señora
femmes,mujeres
affaire,asunto
pourrais,pudo
espère,esperar
parti,izquierda
h,H
boulot,Curro
endroit,lugar
fou,loco
corps,cuerpo
hier,el dia de ayer
dont,cuyo
désolée,perdón
grande,grande
point,punto
cinq,cinco
dehors,afuera
filles,muchachas
cause,causa
vivre,vivir
près,cerca
pensais,pensamiento
garçon,niño
chef,jefe
haut,alto
capitaine,capitán
dirait,diría
bébé,Bebé
celui,el único
demandé,pedir
possible,posible
mains,manos
ainsi,De este modo
quatre,cuatro
nouvelle,nueva
années,años
plein,completo
semaine,semana
dites,decir
croire,creer
marche,caminando
tour,redondo
école,Escuela
manger,comer
plutôt,en cambio
docteur,médico
ceux,aquellos
vérité,verdad
vue,visto
arrêter,parar
essaie,probar
envie,urgir
bientôt,pronto
instant,momento
dernier,ultimo
affaires,negocio
arriver,llegar
demander,pedir
meilleur,mejor
font,hacen
derrière,detrás
c,VS
dollars,dólares
presque,casi
dr,DR
tellement,mucho
tomber,caer
journée,tiempo de día
voulait,quería
appeler,llamar
bureau,despacho
confiance,confianza
garde,mantener
attendre,esperar
numéro,número
serai,estarán
dur,difícil
á,posee
souviens,recuerda
o,O
voyez,ver
cours,clase
bonsoir,buenas noches
route,la carretera
fera,voluntad
prend,tomar
cul,culo
abord,a bordo
important,importante
peine,tristeza
croyais,creído
mot,palabra
devez,deber
suffit,suficiente
minute,minuto
ferme,granja
ben,ben
plaisir,Placer
chien,perro
jeu,Juego
seigneur,caballero
messieurs,caballeros
calme,calma
voudrais,gustaría
heureux,contento
prenez,tomar
mariage,boda
voit,visión
parents,padres
lls,LLS
dedans,en el interior
entrer,Entrar
lit,cama
parfait,Perfecto
fous,loca
mlle,Milisegundo
rentrer,regresar
ait,posee
musique,música
arrêtez,Deténgase
autant,como mucho
service,Servicio
reviens,regresar
ceci,este
drôle,gracioso
attend,murga
parfois,algunas veces
téléphone,teléfono
retour,devolver
ira,iré
e,mi
pauvre,pobre
verre,vidrio
général,general
new,nuevo
six,seis
pensé,pensar
l,yo
impossible,imposible
fête,Fiesta
adore,adorar
coeur,corazón
aimes,amor
ci,este
ferai,servirá
président,Presidente
doute,duda
facile,fácil
entends,oír
payer,paga
appelé,llamó
prison,prisión
john,Juan
sors,Salir afuera
café,café
vaut,valor
mauvais,Equivocado
chéri,Querido
oublié,olvidó
bras,brazo
i,yo
gentil,amable
faute,error
équipe,tripulación
exactement,exactamente
cœur,corazón
penser,pensar
changer,cambiar
commence,empezar
lieu,evento
entendre,Escuchar
ies,fondos
roi,Rey
plan,plan
partout,En todas partes
joue,desempeñar
cher,querido
morts,muerto
rendre,regresar
écrit,escritura
travailler,trabajar
malade,enfermo
sinon,de lo contrario
génial,estupendo
regarder,mirar
veulent,desear
montrer,mostrar
rentre,Vete a casa
travaille,trabajar
armée,ejército
voulu,deseado
cherche,buscar
état,estado
boire,beber
sécurité,seguridad
dès,desde
esprit,espíritu
année,año
dix,diez
york,York
laissé,dejar solo
bois,madera
mets,poner
propre,propio
soyez,ser
jack,Jack
essayer,probar
faisait,hizo
tôt,pronto
surtout,sobretodo
arme,armado
t,T
rêve,sueño
perdre,perder
avis,aviso
semble,parece
pire,peor 
simple,sencillo
penses,pensando
parles,hablar
paix,paz
livre,libro
dormir,dormir
voyons,vamos a ver
difficile,difícil
retard,demora
allait,iba a
d,d
sujet,tema
appris,aprendió
ensuite,después
sauf,excepto
maître,Maestro
morte,muerto
noir,negro
or,oro
dîner,cena
choix,opcion
serais,sería
écoute,escuchar
sale,sucio
étiez,ha sido
sûrement,seguramente
an,año
ordre,ordenar
souvent,frecuentemente
essayé,intentó
peuvent,pueden
visage,cara
bout,final 
changé,intercambio
sérieux,serio
inquiète,preocuparse
âge,edad
photo,Foto
rue,calle
tirer,jalar
comprendre,comprender
face,cara
semaines,semanas
marché,mercado
questions,Preguntas
honneur,honor
ciel,cielo
allé,Vamos
garder,Mantener
chemin,sendero
grave,severo
gauche,izquierda
petits,pequeña
courant,correr
amie,Amiga
nouvelles,nuevo
avion,plano
con,tonto
content,contento
force,fuerza
millions,millones
oublie,olvidar
devoir,a tener que
prochaine,Siguiente
prix,Premio
propos,sobre
bateau,barco
bouge,Muevete
voix,voz
rouge,Rojo
restez,Quedarse
celle,que
pouvais,pudo
personnes,gente
ferais,haría
début,inicio
espèce,especies
gueule,boca
acheter,comprar
continue,continúa
sort,deletrear
faim,hambre
long,largo
j,J
voyage,viajar
message,mensaje
sorte,clasificar
reçu,recibió
bienvenue,bienvenidos
idiot,estúpido
certains,alguno
hôpital,hospital
promis,prometido
devenir,volverse
ouvre,abierto
grâce,gracia
sûre,seguro
problèmes,problemas
armes,arma
trucs,cosas
camp,acampar
allais,alla
occupe,Para mantenerse ocupado
devait,tuve que
manque,falta
connaissez,saber
thé,té
avaient,tenido
cheveux,pelo
soleil,Sol
salle,Sala
gagner,ganar
laissez,abandonar
erreur,error
cru,creído
pars,Vamos
bizarre,extraño
croyez,creer
sac,Bolso
hôtel,hotel
oncle,tío
pièce,habitación
pouvait,pudo
fond,abajo
soirée,tardecita
secret,secreto
patron,jefe
rapport,relación
apprendre,aprender
commencé,empezado
sauver,ahorrar
seconde,el segundo
pensez,pensar
allô,hola
ailleurs,en algún otro lugar
agent,agente
froid,frío
seras,estarán
pied,pie
jolie,bonita
revenir,volver
scène,escenario
pieds,pies
n,no
devons,deber
groupe,banda
carte,mapa
aurai,tendrá
effet,efecto
neuf,nuevo
fallait,tuve que
monte,montado
battre,batir
noël,Navidad
venue,venir
mots,palabras
tire,dibujado
droite,derecha
libre,libre
soeur,hermana
situation,situación
seront,estarán
faux,falso
bordel,desorden
foutre,semen
lumière,luz
euh,oh
incroyable,increíble
tue,matar
joli,"bonito, lindo"
connaît,saber
debout,vertical
colonel,coronel
cheval,caballo
écoutez,Escuchar
george,Jorge
joe,José
vieille,antiguo
entrez,Adelante
intérieur,interior
coin,esquina
auras,auras
gagné,ganó
fric,dinero
loi,ley
absolument,absolutamente
dame,dama
cool,Frío
magnifique,espléndido
dos,espalda
occuper,para ocupar
présent,aquí
retrouver,encontrar
réussi,exitoso
frank,Franco
rencontrer,encontrar
aviez,tenido
meilleure,mejor
âme,alma
prêts,préstamos
doucement,suavemente
table,mesa
lettre,carta
rappelle,recuerda
sam,se sentó
fut,estaba
risque,riesgo
ordres,órdenes
appel,llamar
commencer,comenzar
terminé,Terminado
agit,Actuar
blanc,"blanco, Blanca"
sœur,hermana
pareil,lo mismo
charlie,charlie
chaud,caliente
finir,terminar
touche,toques
avance,ventaja
ignore,pasar por alto
meurtre,asesinato
tranquille,calma
anniversaire,aniversario
déjeuner,comida
disais,dijo
bord,borde
tom,Tomás
jeunes,juventud
accident,accidente
parlez,hablar
fasse,hacer
complètement,completamente
déteste,odiado
clair,luz
marcher,caminar
disait,dijo
mauvaise,malo
envoyé,enviado
â,posee
professeur,profesor
heureuse,contento
doivent,deben
midi,mediodía
lire,leer
moyen,medio
ferait,haría
commandant,El oficial al mando
vraie,real
sept,siete
forme,forma
tombe,caídas
silence,silencio
sortez,Sal
connaître,saber
puisse,mayo
cadeau,presente
flics,policías
mer,mar
médecin,médico
exact,exacto
décidé,decidió
moitié,mitad
surprise,sorpresa
avocat,abogado
montre,Reloj
b,B
su,SU
porter,llevar
télé,TELEVISOR
vivant,vivir
jure,jurado
disent,decir
mr,SRES
serez,estarán
devriez,debería
devenu,convertirse
aimé,me gusta
diable,demonio
ligne,línea
mission,asignación
suppose,Ficticio
chacun,cada uno
autour,alrededor
pote,camarada
grosse,grande
expliquer,explique
arrivée,llegada
monter,subir
balle,pelota
selon,de acuerdo a
photos,Fotos
contrôle,control
prête,lista
anglais,inglés
sorti,Salió
k,k
bons,bueno
disparu,desvanecido
tenir,mantener
simplement,meramente
quitter,abandonar
envoie,enviar
paul,Pablo
aimer,amar
voie,camino
paris,París
classe,clase
huit,ocho
offre,oferta
poste,trabajo
dangereux,peligroso
attaque,ofensivo
impression,impresión
folle,mujer loca
michael,Miguel
mange,comer
bravo,bien hecho
arrière,espalda
amérique,America
suivre,seguir
aille,ala
oublier,olvidar
peuple,poblada
baiser,Beso
rencontré,reunir
honte,verguenza
connard,Estúpido
trou,agujero
retourner,dar la vuelta
chanson,canción
change,intercambio
arrêté,detenido
enfer,infierno 
écrire,escribir
livres,libros
habitude,hábito
réponse,responder
david,David
lieutenant,teniente
savait,supo
radio,radio
tenez,mantener
bande,vendado
bob,Beto
rend,renders
compagnie,empresa
connu,conocido
secours,rescate
danse,baile
met,pone
vol,Vuelo
vit,vive
conneries,mierda
aurez,tendrá
imagine,concebido
boîte,caja
joué,desempeñar
triste,triste
sud,sur
lu,leer
tel,Teléfono
merveilleux,maravilloso
pute,puta
aie,Ay
ressemble,parece
coucher,dormir
ennuis,nubes
volé,Volar
sortie,salida
devais,tuve que
combat,lucha
bouche,cargado
certain,cierto
visite,visitar
existe,existir
bête,bestia
retourne,devolver
approche,Acercarse
pourtant,Sin embargo
plusieurs,varios
rire,risa
but,objetivo
sergent,sargento
public,audiencia
système,sistema
présente,presente
dirai,diría
faudra,tendrá que
écouter,escuchar
hors,excepto
exemple,ejemplo
vendre,Vender
continuer,seguir
coups,golpes
pourra,mayo
sympa,bonito
nord,norte
cuisine,cocina
époque,era
grands,ordenado
héros,héroe
étrange,extraño
avenir,viniendo
danger,peligro
envoyer,enviar a
gouvernement,gobierno
danser,bailar
lune,luna
etre,estar
poser,para posar
partez,activar
normal,normal
peau,piel
santé,salud
ecoutez,Escuchar
ouvrir,abrir
nez,nariz
secondes,segundos
amoureux,enamorado
dommage,verguenza
pleine,completo
mille,mil
banque,banco
voler,robar
clé,llave
bonnes,bueno
paraît,aparecer
servir,servir
journal,Iniciar sesión
village,pueblo
tient,está aguantando
flic,policía
salaud,bastardo
juge,juez
tiré,dibujado
cour,tribunal
assis,se sentó
bruit,ruido
terrible,horrible
prochain,Siguiente
inspecteur,inspector
liberté,libertad
blague,broma
robe,vestir
crime,delito
bière,cerveza
tas,montón
viennent,están viniendo
don,Don
reine,reina
protéger,proteger
seuls,solamente
préfère,prefiere
bar,bar
dingue,loca
vent,viento
pitié,lástima
croit,cree
payé,pagado
travers,mediante
club,club
garçons,Niños
conseil,consejo
mesdames,señoras
sol,suelo
bonheur,felicidad
rêves,Sueños
centre,centro
thé,té
mêmes,mismo
avions,aviones
mike,Miguel
nulle,nula
stupide,mudo
pouvons,podemos
vin,vino
tante,tía
sent,sentir
fiche,forma
milieu,ambiente
signe,signo
unis,Unido
appelez,llamar
départ,salida
inutile,inútil
emmener,llevar
comprenez,comprender
liste,listado
gamin,niño
johnny,Johnny
hey,Oye
prise,enchufe
savent,saber
différent,diferente
verra,veremos
probablement,más probable
intérêt,interés
choisi,seleccionado
parole,palabra
ennemi,enemigo
vêtements,ropa
aimez,me gusta
recherche,investigar
société,sociedad
faisais,hacer
peter,hacer pedo
œil,ojo
soin,cuidado
chère,querida
tourne,transformado
ià,I a
descendre,para ir abajo
félicitations,Felicidades
pose,establecido
position,posición
oeil,ojo
vouloir,querer
mecs,tipo
irai,Vamos
spectacle,espectáculo
acheté,comprado
laquelle,cuál
rôle,role
intéresse,interesado
utiliser,usar
match,juego
devient,se convierte en
quitté,en paz
asseoir,Sentar
environ,alrededor de
plait,golpeando
mur,pared
blessé,herir
mise,poniendo
harry,Harry
you,tú
beauté,belleza
salope,puta
parie,bet
sert,atender
soldats,soldados
films,películas
américain,Americano
marier,casar
entrée,salón
soldat,soldado
ouvert,abierto
sauter,saltar
londres,Londres
eiie,eiie
lequel,cual
lâche,cobardemente
église,iglesia
pierre,Piedra
art,Arte
fenêtre,ventana
humain,humano
tort,equivocado
cerveau,cerebro
coupable,culpable
petites,pequeña
promets,promoción
adresse,Dirección
prince,Príncipe
quartier,pieza
espoir,esperar
conduire,conducir
auriez,tendría
ridicule,ridículo
justice,justicia
rose,rosado
venus,Venus
max,máximo
jimmy,palanqueta
presse,apuro
adieu,adiós
revient,regresar
expérience,experiencia
présenter,Presentar
tombé,caídas
faisons,hagamos
épouser,casar
frères,hermanos
veuillez,por favor
revenu,ingresos
colère,rabia
bill,factura
vis,tornillo
james,James
pourriez,pudo
jim,Jim
intéressant,interesante
ouvrez,abierto
nature,naturaleza
gosse,niño
taxi,Taxi
fier,orgulloso
preuve,evidencia
riche,rico
faudrait,debería
base,base
fleurs,flores
vide,vacío
portes,puertas
mademoiselle,señorita
formidable,enorme
nul,malo
directeur,director
chanter,cantar
contact,contactar
histoires,cuentos
marié,Marie
défense,defensa
répondre,responder
excuse,disculpar
responsable,responsable
deuxième,en segundo
mary,María
san,San
appartement,apartamento
décision,decisión
cinéma,cine
jeter,tirar
aimais,amado
cacher,Esconder
glace,helado
occasion,oportunidad
dents,dientes
vacances,vacaciones
course,la raza
ravi,contento
tueur,asesino
sentir,sentir
courage,coraje
jésus,Jesús
allée,pasillo
capable,poder
essayez,probar
sauvé,Seguro
longue,largo
parmi,entre
continuez,Seguir
paie,pagar
superbe,impresionante
français,Francés
souvenir,Acuerdo
ouest,oeste
dégage,claro
jambes,piernas
coupe,cortado
immédiatement,inmediatamente
machine,máquina
épouse,esposa
telle,tal
marie,Marie
mien,mía
pius,pío
certainement,definitivamente
bombe,bomba
types,tipos
p,pags
né,nacido
manière,la manera
gagne,ganó
prévu,destinado
chier,dar un volcado
trouves,fundar
u,U
idées,ideas
touché,pegar
rendu,representación
monstre,fenómeno
km,km
retrouve,encontrar
ha,Decir ah
f,F
importance,importancia
joie,alegría
dérange,perturbador
arrivent,llegar
court,corre
pont,puente
foutu,jodido
bain,bañera
oubliez,olvidar
tourner,girar
contente,feliz
attendais,esperado
cent,ciento
enchanté,encantada
signifie,medio
américains,Americano
iis,iis
quitte,en paz
poisson,pez
henry,Enrique
ayez,tener
terrain,terrestre
enquête,encuesta
horrible,horrible
chat,gato
certaines,alguno
r,Riñonal
camion,camión
copine,amigo
joyeux,alegre
shérif,alguacil
ramener,traer de vuelta
descends,bajar
éviter,para evitar
projet,proyecto
and,y
dossier,carpetas
respect,respeto
excellent,excelente
envers,hacia
mariée,casada
occupé,ocupado
lorsque,cuando
blanche,blanca
majesté,majestad
rencontre,reunir
toucher,tocar
ange,ángel
refuse,denegado
charge,cobrar
billy,porra
chevaux,caballos
v,V
chiens,perros
empêcher,evitar
dure,difícil
zone,área
faits,hechos
animaux,animales
meilleurs,mejor
plupart,principalmente
emmène,tomar
étions,éramos
politique,Política
chaussures,Zapatos
langue,lengua
mangé,comer
douleur,dolor
planète,planeta
offrir,ofrecer
règles,normas
drogue,marihuana
réalité,la realidad
bus,autobús
enfoiré,Hijo de puta
dirais,diría
permis,permiso
vécu,vivió
chapeau,sombrero
île,isla
réunion,reunión
soient,sean
contraire,opuesto
tony,Tony
mettez,poner
nick,mella
arrivera,llegar a
excuser,disculpar
code,codificado
couleur,color
rapide,rápido
raconte,relata
papier,papel
discuter,conversar
opération,operación
cartes,tarjetas
nourriture,alimento
entier,completo
nécessaire,necesario
frais,costo
toilettes,baño
spécial,especial
vaisseau,buque
action,Valores
princesse,princesa
magasin,Tienda
copain,Novio
sache,haz
bu,bebió
steve,steve
découvert,descubierto
pain,pan de molde
mignon,lindo
taille,tamaño
sacré,sagrado
rends,renders
eddie,Eddie
double,doble
viendra,vendrá
imbécile,imbécil
essaye,probar
champ,campo
personnel,personal
client,cliente
lait,Leche
contrat,contrato
partis,desaparecido
sexe,sexo
mienne,mía
repas,comida
mémoire,memoria
destin,destino
direction,dirección
dors,dormir
faite,hecho 
pleurer,llorar
couteau,cuchillo
malin,inteligente
remettre,Para volver
ray,rayo
témoin,testigo
restes,restos
mètres,medidores
trésor,tesoro
gosses,niños
aiment,me gusta
washington,Washington
habite,residir
foi,fe
puisque,ya que
apporté,trajo
solution,solución
trouvez,Encontrar
nouveaux,nuevo
réfléchir,reflejar
choisir,Elegir
goût,gusto
remercie,Gracias
détruire,destruir
université,Universidad
doux,suave
beaux,hermosos
raconter,decir
vitesse,velocidad
menti,mentiras
três,muy
procès,caso de Corte
enceinte,embarazada
amuser,entretener
niveau,nivel
vus,visión
miss,señorita
fermer,cerca
arranger,arreglar
end,finalizando
clients,clientela
rappeler,recuerdo
Alex,Alex
failli,descendente
arbre,árbol
papiers,documentos
Sarah,Sarah
mérite,merecido
différence,diferencia
travaillé,trabajar
disons,digamos
bleu,azul
dise,decir
aimait,amado
appelles,llamadas
espace,espacio
caméra,cámara
censé,supuesto
qu,que
piste,pista
sourire,sonreír
courir,correr
accepter,aceptar
retrouvé,fundar
charles,Charles
jambe,pierna
angleterre,Inglaterra
quels,Qué
préparer,preparar
marre,harto
forces,fortalezas
tirez,JALAR
énorme,enorme
Danny,Danny
trés,muy
invité,invitado
rentré,Vete a casa
officier,oficial
pièces,monedas
lettres,letras
file,línea
programme,programa
tommy,Tommy
arrêt,deténgase
fout,semen
balles,balas
flingue,pistola
chasse,caza
regrette,lamentado
to,a
propres,limpio
victime,víctima
appartient,pertenencia
france,Francia
unique,unico
régler,ajustar
moindre,menor
compter,contar
voitures,coches
énergie,energía
fil,hilo
lycée,escuela secundaria
crise,crisis
stop,deténgase
image,imagen
vérifier,controlar
dimanche,domingo
appareil,dispositivo
justement,exactamente
richard,Ricardo
noms,sustantivos
million,millón
cassé,roto
enlever,para eliminar
clés,llaves
noire,negro
man,hombre
dépend,depende
derniers,ultimo
doigts,dedos
réponds,responder
honnête,honesto
prouver,demostrar
preuves,evidencia
durant,durante
souris,ratón
entendez,oír
lever,elevar
oiseau,pájaro
belles,hermosas
oû,Dónde
apporte,trajo
grandes,largo
morceau,pieza
bobby,poli
bougez,Muevete
amène,traer
interdit,prohibido
présence,presencia
récupérer,recuperar
quelles,qué
manqué,falta
cou,cuello
venait,vino
étage,escenario
regard,vistazo
bouger,mover
finalement,por último
couper,cortar
urgence,emergencia
perds,perdedor
points,puntos
meurt,matrices
partons,Vamos
troisième,tercera
savons,jabones
folie,Locura
ancien,antiguo
chante,cantado
obtenir,obtener
répète,decir de nuevo
toit,techo
humains,humanos
robert,Robert
jardin,jardín
métier,trabajo
poche,escalfado
méchant,malo
paradis,cielo
proche,cerca
rejoindre,reunirse con
lors,durante
nombre,número
crains,temeroso
règle,regla
frapper,golpear
intention,intención
succès,pegar
forte,fuerte
gentille,amable
campagne,país
raisons,razones
malgré,a pesar de
alcool,alcohol
regardé,mirar
jerry,alemán
billets,Entradas
fantastique,fantástico
lee,sotavento
théâtre,teatro
vôtre,su
samedi,sábado
pluie,lluvia
fermé,granja
relation,relación
frappé,Golpeado
restaurant,restaurante
douce,amable
maladie,enfermedad
parlait,estaba hablando
raté,omitido
casse,roto
dessous,por debajo
pourrai,pudo
victoire,victorias
voudrait,gustaría
remarqué,observó
assurer,para asegurar
pleure,llorar
bouteille,botella
gare,estación
carrière,carrera profesional
sentiments,sentimientos
suivi,seguido
vies,vive
fiston,hijo
vendu,vendido
attendant,esperando
pourras,pueden
amoureuse,enamorado
mens,de los hombres
falloir,necesitar
chinois,Chino
étranger,extranjero
appelait,llamó
assure,asegurar
étant,siendo
queue,cola
odeur,olor
enlève,retirar
produit,producto
meurs,morir
secrets,misterios
pression,presión
fatigué,cansado
aies,aturdir
plage,playa
okay,De acuerdo
animal,animal
frappe,Golpeado
montagne,Montaña
coffre,cofre
passage,paso
suivant,Próximo
signal,señal
discours,discurso
cents,centavos
claire,claro
g,gramo
rivière,río
costume,traje
prendra,tomará
souhaite,deseo
hasard,casualidad
journaux,periódicos
aveugle,ciego
lis,Lirio
demandez,Pedir
retraite,jubilado
afin,con el fin de
vendredi,Viernes
van,camioneta
auraient,tendría
obligé,obligatorio
major,importante
neige,nieve
remercier,gracias
fusil,mosquete
gardes,guardia
faible,débil
pauvres,pobre
noirs,negro
gâteau,pastel
cesse,deténgase
parfaitement,perfectamente
excuses,disculpas
viande,carne
ministre,ministro
univers,universo
vienne,Viena
utile,útil
demandais,preguntó
crétin,imbécil
gaffe,torpeza
cache,oculto
disant,dicho
décider,decidir
dort,dormir
gaz,gas
blancs,ropa blanca
connaissance,conocimiento
vouliez,querido
jake,jake
vidéo,video
bataille,batalla
vive,vivido
anna,Anna
martin,Martín
iui,Iui
os,hueso
entend,oído
jeux,juegos
will,voluntad
verras,veremos
date,fecha
échapper,Escapar
naissance,nacimiento
droits,derechos
assassin,asesino
attendu,esperado
montez,subir
nouvel,nuevo
pensent,pensar
génie,genio
sérieusement,en serio
cible,objetivo
prépare,preparado
agir,actuar
militaire,militar
futur,futuro
attraper,capturar
bal,pelota
europe,Europa
californie,California
donnez,dar
cousin,primo
vert,verde
poids,peso
volonté,voluntad
ventre,estómago
accepte,aceptado
amené,traer
recevoir,recibir
inquiétez,preocuparse
perd,perder
autrement,otro
informations,información
titre,título
célèbre,famoso
couple,pareja
sexy,sexy
serons,estarán
certaine,cierto
parlons,hablemos
star,estrella
étoiles,estrellas
rome,Roma
los,el hueso
répondu,contestada
resté,descansar
charmant,encantador
puissant,poderoso
zéro,cero
genoux,rodillas
mine,mía
couilles,pelotas
pilote,piloto
maria,María
style,estilo
ramène,devuelvelas
voulons,querer
embrasser,besar
amener,traer
valeur,valor
fortune,fortuna
reprendre,retomar
revenez,regresar
vieil,antiguo
walter,Walter
servi,servido
arrivés,llegado
lève,encuesta
voleur,ladrón
côtés,lado
chris,Chris
note,Nota
préféré,prefiere
couché,mintiendo
milliers,miles
aéroport,aeropuerto
prévenir,prevenir
château,castillo
apparemment,aparentemente
gardez,Mantener
privé,privado
détails,detalles
larry,Larry
direct,directo
reposer,descansar
commande,ordenado
cherchez,Mira
fer,planchar
conduit,conducto
conscience,conciencia
oreilles,orejas
conversation,conversación
regardes,Mira
joues,desempeñar
ennemis,enemigos
attendent,Espere
article,artículo
dieux,Dioses
talent,talento
aise,fácil
poulet,pollo
passée,pasado
comprend,comprender
gorge,garganta
feras,hacer
tribunal,tribunal
découvrir,descubrir
agréable,agradable
jette,lanzar
test,prueba
emmerde,falta
détruit,destruir
nerveux,nervioso
saint,Santo
marrant,gracioso
joindre,unirse
sentiment,sentimiento
lance,lanza
humaine,humano
acte,escritura
jane,jane
pis,peor
enculé,follado
tuée,delicado
saura,sabrá
doigt,dedo
pourrez,pueden
passera,pasará
horreur,horror
comptes,cuentas
dernières,más reciente
violence,violencia
fumer,fumar
invités,huéspedes
parlais,medir
job,trabajo
salon,sala de estar
défendre,defender
mariés,casado
rock,roca
apporter,traer
coupé,Corte
repos,descansar
paquet,paquete
page,página
utilise,usó
victimes,víctimas
sage,salvia
aidé,Ayuda
intelligent,inteligente
ombre,sombra
vache,vaca
désert,Desierto
forêt,bosque
parfaite,Perfecto
tombée,otoño
extérieur,exterior
entré,Entre
série,serie
concerne,preocupado
paroles,letra
dira,diría
it,eso
champion,campeón
fbi,FBI
lundi,Lunes
moteur,motor
ouverte,abrió
mince,delgada
al,Alabama
russe,ruso
grandi,creciendo
rappelles,recuerdo
dormi,dormir
ordinateur,computadora
in,en
angeles,Ángeles
accepté,aceptado
désormais,de aquí en adelante
acteur,actor
membres,miembros
trouvée,fundar
pete,pete
surpris,sorprendido
miracle,milagro
vole,Volar
manquer,faltar
franchement,francamente
apprécie,valorar
cigarette,cigarrillo
chemise,camisa
mark,Marcos
tente,intentó
faisant,haciendo
billet,boleto
reculez,retirada
moyens,medio
importante,importante
unité,unidad
champagne,champán
pensait,pensamiento
www,www
partager,"compartir, repartir"
smith,Herrero
minuit,doce de la noche
américaine,Americana
courses,Razas
puissance,potencia
william,William
nombreux,numeroso
réparer,reparar
caché,oculto
haute,alto
sommeil,dormir
essence,esencia
riches,rico
lac,lago
maire,alcalde
mode,Moda
vingt,veinte
reviendra,Volverá
pousse,crecimiento
amusant,divertida
passez,pasar
services,servicios
doc,doc
rues,calles
of,de
risques,riesgos
émission,emisión
leçon,lección
annonce,anuncio
plans,planes
usine,fábrica
louis,Louis
imaginer,imaginar
chauffeur,conductor
marque,Marca
parc,Parque
épée,espada
fesses,nalgas
échange,intercambio
souvenirs,recuerdos
créer,crear
senti,sintió
signer,señal
artiste,artista
jeté,yo te
réveiller,despertarse
hiver,invierno
également,además
hum,tararear
souffle,aliento
vrais,real
arbres,árboles
saute,saltó
fuir,huir
meme,mismo
battu,vencido
permission,permiso
casser,romper
chicago,Chicago
allemands,Alemanes
utilisé,usó
mentir,mentir
souci,preocuparse
é,mi
coûte,costo
paye,pagado
tres,muy
offert,Libre
sir,señor
no,no
chair,carne
caisse,caja
supplie,suministrar
dégagez,liberar
raconté,relata
andy,Andy
lunettes,los anteojos
chouette,búho
menteur,mentiroso
trouvera,encontrará
semblant,apariencia
ignorais,ignorante
perdue,perdió
whisky,whisky
rentrez,regresar
premiers,primero
pantalon,pantalones
menace,amenazar
racontes,contado
douche,ducha
oiseaux,pájaros
finie,finalizar
auront,tendrá
débarrasser,librar
membre,miembro
perte,pérdida
verrez,veremos
front,frente
lèvres,labios
mai,mayo
fac,colega
allo,hola
connaissais,supo
gouverneur,gobernador
monnaie,cambio
chou,repollo
achète,comprado
thomas,Thomas
secrétaire,secretaria
montré,Reloj
jones,Jones
écris,escribió
parlent,hablar
chaise,silla
herbe,césped
créé,creado
manteau,Saco
chocolat,chocolate
pause,pausa
côte,costa
abandonner,abandonar
policier,policía
patient,paciente
dave,dave
études,estudios
ballon,pelota 
mène,dirigió
respire,aliento
mouvement,movimienot
suicide,suicidio
japonais,japonés
accès,acceso
tienne,tuya
laisserai,se ira
poupée,muñeca
innocent,inocente
allés,paseos
identité,identificar
véritable,verdadero
simon,Simón
devenue,convertirse en
totalement,totalmente
piège,trampa
gloire,gloria
pourraient,pudo
abri,refugio
explique,Explique
rapidement,rápidamente
fonctionne,obras
boy,chico
foule,multitud
pensées,pensamientos
maisons,casas
fantôme,fantasma
source,fuente
lancer,lanzar
suit,seguimiento
changement,cambio
choc,choque
veste,chaqueta
attaquer,atacar
faveur,favor
oreille,oído
touchez,tocar
malheureusement,desgraciadamente
soudain,de repente
tués,eres
bref,Corto
malheur,desgracia
portable,portátil
chaleur,calor
mensonge,mintiendo
répondez,responder
heureusement,por suerte
emploi,usar
lois,leyes
nettoyer,Limpiar
attrape,capturado
geste,gesto
verrai,veremos
notes,notas
plat,plato
etait,estaba
corde,cuerda
sacrée,sagrado
cherches,buscando
siècle,siglo
etat,estado
distance,distancia
refusé,rechazar
mars,marzo
saison,temporada
bel,hermoso
monté,montado
idiote,estúpido
recherches,investigar
alerte,alerta
ennuie,aburrido
christ,Cristo
remonte,rastreado
plaisante,agradable
city,Ciudad
bat,murciélago
images,imágenes
voulaient,querido
titres,valores
alice,Alicia
couverture,cubrir
moments,momentos
big,grande
mesure,medida
atteindre,alcanzar
singe,mono
pistolet,pistola
frontière,borde
réel,real
réfléchi,reflexivo
somme,suma
agents,agentes
ours,llevar
prisonniers,prisioneros
évidemment,obviamente
afrique,África
allemand,Alemán
dan,dan
couche,capa
relations,relaciones
texas,Texas
delà,de la
celles,esas
navire,buque
deviens,convertirse en
bite,polla
laisses,abandonar
dirige,dirigido
partenaire,pareja
aube,Alba
demi,mitad
affreux,horrible
camarade,camarada
street,calle
inquiéter,preocuparse
tableau,imagen
fatiguée,cansado
entreprise,empresa
demandes,peticiones
nana,chica
re,D
coincé,atascado
tenu,tenue
viré,encendido
suspect,sospechoso
reconnais,reconocer
ressens,sentimiento
juif,judío
directement,directamente
mexique,México
cherché,buscar
marine,Marina
prisonnier,prisionero
finit,acabado
howard,Howard
étoile,estrella
jean,Pantalones
convaincre,convencer
filer,girar
kevin,Kevin
bosse,bulto
pousser,para empujar 
protection,proteccion
signé,signo
crier,gritar
rêvé,sueño
respirer,respirar
propriétaire,dueño
prêtre,sacerdote
donnes,portón
taire,Para silenciar
permettre,permitir
prudent,Cuidado
carl,carl
commis,empleado
chaîne,cadena
copains,amigos
sec,seco
cauchemar,pesadilla
laver,lavar
hollywood,Hollywood
jeff,Jeff
réfléchis,reflejado
trompe,engañado
hais,cría
immeuble,edificio
supporter,apoyo
soi,uno mismo
bagages,equipaje
tir,Disparo
traverser,atravesar
commissaire,notario
mac,Mac
donnerai,daré
reviendrai,Volverá
larmes,lágrimas
déranger,molestar
Arthur,Arturo
pigé,cerdo
réserve,Reservar
adam,Adán
volant,volador
uniforme,uniforme
st,S t
croient,creer
différents,diferentes
souffrir,sufrir
maudit,maldita sea
valise,maleta
prendrai,tomará
assurance,seguro
abandonné,abandonado
dames,señoras
lendemain,al día siguiente
navré,desconsolado
prennent,toma
sénateur,senador
roule,arrollado
montagnes,montañas
lapin,Conejo
juifs,Judíos
amuse,divertido
espérais,esperado
fleur,flor
merveilleuse,maravilloso
tournée,recorrido
scott,escocés
information,información
foyer,casa
tourné,transformado
personnage,personaje
permettez,Permitir
amitié,amistad
hâte,apuro
opinion,opinión
curieux,curioso
concert,concierto
enfance,infancia
extraordinaire,extraordinario
davantage,más lejos
saviez,supo
chargé,cargado
porc,Cerdo
recommence,empezar de nuevo
chèque,controlar
piano,piano
jouez,desempeñar
océan,Oceano
ayant,tener
go,Vamos
pattes,patas
ravie,apretado
trace,rastro
réveillé,despierta
miles,millas
soupe,sopa
sucre,azúcar
écoutes,escuchar
vierge,virgen
mauvaises,malo
objet,objeto
adorable,adorable
chine,Porcelana
sonne,sonido
envoyez,enviar
réputation,reputación
kate,Kate
sport,deporte
brave,Bravo
lieux,instalaciones
brûle,quemar
russes,ruso
murs,paredes
second,segundo
etes,son
facilement,fácilmente
troupes,tropas
titrage,valoración
canon,cañón
bague,Anillo
bâtiment,Edificio
seraient,sería
cellule,célula
Susan,Susan
survivre,para sobrevivir
trouverai,encontrará
printemps,primavera
voisins,vecinos
nuits,noches
chances,posibilidades
contrôler,controlar
compliqué,Complicado
voyais,sierra
retirer,retirar
ancienne,Antiguo
théorie,teoría
avancez,Ventaja
studio,estudio
exploser,explotar
explosion,explosión
fiancée,novia
évident,obvio
gardé,mantuvo
accusé,acusado
Annie,Annie
témoins,testigos
désir,deseo
humanité,humanidad
amen,Amén
magie,magia
restera,permanecerá
palais,palacio
cirque,circo
cinglé,loca
conduis,impulsado
sales,sucio
traces,rastros
station,estación
construire,para construir
joey,Joey
siège,sede
Kelly,Kelly
semblait,pareció
vivants,vivientes
voient,ver
représente,representado
sombre,oscuro
lourd,pesado 
lá,la
familles,familias
égal,igual
surveille,vigilancia
terme,término
gêne,malestar
poule,pollo
pére,papá
devraient,debería
soif,sed
haine,odio
Rachel,Rachel
Jason,Jasón
surveiller,vigilar
ted,ted
marin,marina
procureur,fiscal
traité,tratado
vivent,En Vivo
chansons,canciones
souvenez,recuerda
entière,entero
résultat,resultados
préparé,preparar
top,parte superior
enchantée,Encantada
gardien,guardián
traite,tratado
avancer,avanzar
commun,común
pêche,melocotón
tien,tuya
posé,establecido
libérer,liberar
gamins,niños
taule,celda
retournez,devolver
médicaments,medicamentos
matériel,material
crâne,cráneo
région,región
débile,tonto
science,Ciencias
délicieux,delicioso
privée,privado
créature,criatura
ho,Ho
ed,Edición
king,Rey
liquide,líquido
réglé,regla
gay,gay
apprend,aprender
quant,en cuanto a
péché,melocotón
répéter,repetir
auprès,con
tâche,Mancha
devine,adivinar
mener,realizar
vente,rebaja
plu,disfruté
joueur,jugador
modèle,modelo
aurons,tendrá
up,arriba
mensonges,mentiras
fermez,cerca
traiter,tratar
secteur,sector
soyons,seamos
barre,cerrada
appelée,llamó
projets,proyectos
roman,novela
veille,apoyar
étudier,para estudiar
tenue,vestimenta
physique,físico
passait,pasó
concours,competencia
jaune,amarillo
inconnu,desconocido
victor,Víctor
vision,visión
black,negro
lentement,Lentamente
surface,superficie
dick,polla
com,comunicarse
matt,mate
kilomètres,kilómetros
baise,Mierda
x,X
sers,atender
abandonne,abandonado
vivante,dinámico
spéciale,especial
prof,profesor
poissons,Piscis
bosser,trabajar
cherchais,buscado
my,mi
empire,imperio
cigarettes,cigarrillos
amies,amigos
aventure,aventura
responsabilité,responsabilidad
sauve,Seguro
devrions,debería
lucy,Lucy
atteint,logrado
infirmière,enfermera
humeur,estado animico
descendez,Bajar
résultats,resultados
tenté,tienda
baisse,disminuir
mn,Minnesota
rare,extraño
empreintes,huellas digitales
proches,parientes
sauvage,salvaje
virer,fuego
fumée,fumar
lisa,Lisa
engagé,compromete
romantique,romántico
cloche,Campana
brian,brio
magique,mágico
chers,Querido
comité,comité
choisis,elegir
voila,listo
jaloux,celoso
divorce,divorcio
lord,caballero
données,datos
détective,detective
rouges,rojo
fred,Fred
ambulance,ambulancia
rentrée,De vuelta a la escuela
port,Puerto
anne,Ana
roy,roy
cochon,cerdo
enfuir,Escapar
devra,tendrá que
francisco,Francisco
ménage,tareas del hogar
roger,Roger
particulier,especial
journaliste,periodista
croix,cruz
pareille,probable
royaume,Reino
disparaître,desaparecer
jus,zumo
comte,condado
sainte,santo
soucis,preocuparse
allemagne,Alemania
patience,paciencia
fallu,búho
net,red
suivez,seguir
panique,pánico
q,Q
morceaux,partes
construit,construido
crédit,crédito
rater,fallar
normale,normal
attendait,estaba esperando
bye,adiós
fromage,queso
embrasse,Beso
complet,completo
bouffe,alimento
boutique,tienda
seriez,sería
recommencer,reiniciar
scénario,guion
jeudi,jueves
endroits,ubicación
brûler,quemar
nommé,fijado
mardi,martes
hall,vestíbulo
réalisé,comprendió
terry,Terry
passion,pasión
enlevé,remoto
profond,profundo
télévision,televisión
abruti,engañar
réussir,lograr
répond,responder
red,rojo
emmené,tomado
cadeaux,regalos
remonter,volver a subir
accompagner,para acompañar
johnson,Johnson
différente,diferente
tromper,engañar
pot,frasco
lien,Enlace
serpent,serpiente
imaginez,Imaginar
excusez,Disculpar
trompé,engañado
cadavre,cadáver
bouton,botón
cancer,cáncer
descend,descender
centaines,cientos
poussière,polvo
piscine,piscina
entraînement,entrenamiento
terminée,acabado
tapis,alfombra
esprits,espíritu
phil,Phil
inviter,invitar
œuvre,trabajar
imagination,imaginación
chut,Cállate
park,parque
existence,existencia
empereur,emperador
décide,decidió
eric,Eric
ascenseur,ascensor
criminel,delincuente
révolution,revolución
principal,importante
terres,tierras
charmante,preciosa
promesse,promesa
période,período
craint,miedo
croyait,creído
courrier,correo
récemment,recientemente
écran,pantalla
anciens,Anticuado
cris,llantos
passes,pases
combattre,combate
réveille,despierta
feront,servirá
élevé,aumentó
têtes,cabezal
souffre,sufrir
quiconque,cualquiera
malheureux,desgraciado
césar,César
arrives,llegada
empêche,deténgase
brisé,roto
garage,garaje
russie,Rusia
Jackson,Jackson
bêtes,ganado
tenter,intentar
excellente,excelente
passent,pasar
ferez,servirá
pub,pub
logique,lógica
version,versión
permet,permitir
parte,parte
temple,templo
section,sección
rythme,el ritmo
propriété,propiedad
étrangers,extranjeros
finis,finalizar
erreurs,errores
feriez,haría
propose,oferta
examen,examen
nation,nación
approchez,Acercarse
différentes,diferente
traduction,traducción
reconnu,Reconocido
cap,gorra
meurtres,asesinatos
courageux,valiente
profiter,beneficiarse de
juré,jurado
miel,Cariño
poil,pelo 
rapports,informes
chic,elegante
fonds,fondos
aimerait,gustaría
sable,arena
lutte,dificil
fière,orgullosa
is,es
japon,Japón
douze,doce
labo,laboratorio
ya,ya
agence,agencia
cependant,sin embargo
indiens,indio
donnera,daré
restent,permanecer
ceinture,cinturón
seins,tetas
étonnant,increíble
uns,alguno
nourrir,alimentar
inventé,inventado
sérieuse,serio
ment,está mintiendo
pratique,práctica
invite,invitado
potes,amigos
meurtrier,asesino
vegas,Vegas
idéal,ideal
maîtresse,amante
central,central
fume,fumar
équipage,tripulación
brillant,brillante
trouvent,encontrar
crie,llamadas salientes
laura,Laura
commission,comisión
nager,nadar
boit,Bebiendo
bombes,bombas
figure,figura
revolver,revólver
crème,crema
rat,rata
tempête,tormenta
refaire,rehacer
née,nacido
supporte,apoyo
crever,morir
conduite,conducta
lci,LCI
brown,marrón
pure,puro
traitement,tratamiento
porté,portón
voyait,veía
cabine,cabina
fuite,filtración
nationale,nacional
estomac,estómago
machines,máquinas
julie,julie
couloir,corredor
emily,Emily
ouah,Guau
bijoux,joyas
lâcher,soltar
acteurs,actores
sentez,sentir
couleurs,colores
naturel,natural
travaillait,estaba trabajando
Wilson,Wilson
incendie,fuego
camarades,camaradas
chute,caída
accompagne,acompañado
passés,pasado
médecins,doctores
revenue,ingresos
peinture,pintar
reconnaître,reconocer
dollar,dólar
coupez,Corte
prénom,primer nombre
puce,chip
pur,puro
prier,rezar
actions,comportamiento
voisin,Vecino
officiers,oficiales
prévenu,prevenido
chaude,caliente
bains,balneario
démon,Demonio
pierres,piedras
miroir,espejo
forcément,necesariamente
lumières,luces
actrice,Actriz
jouait,jugó
vérifie,comprobado
comportement,comportamiento
avoue,confesión
aient,tener
buvez,beber
calmer,calma
amy,Amy
technique,técnico
nôtres,nuestro
obtenu,obtenido
autrefois,en los viejos dias
parlera,hablar a
Ryan,Ryan
boss,jefe
parier,apostar
correct,correcto
septembre,septiembre
libres,libre
affronter,confrontar
doué,dotado
appellent,llamar
repose,reposo
conditions,términos
parfum,aroma
protège,protegido
tasse,taza
pensée,pensamiento
salaire,salario
bagnole,coche
infos,información
jolies,bonita
récompense,premio
kim,Kim
essayons,intentemos
ordinaire,común
jeunesse,juventud
musée,museo
bébés,bebés
chuck,arrojar
plaisantes,agradable
absence,ausencia
aiors,Aiors
échappé,Escapar
fausse,falso
jury,jurado
étudiants,estudiantes
approcher,acercar
espagne,España
aprés,después
blonde,pelo rubio
condition,condición
race,raza
vend,vender
absurde,absurdo
masque,mascarilla
appellerai,llamará
pardonner,perdonar
pouvoirs,potestades
laissée,izquierda
annoncer,anunciar
origine,origen
el,El
apprends,aprender
poitrine,cofre
tape,cinta
remis,descartado
couvert,cubierto
large,amplio
prenons,echemos
pressé,prensa
nu,desnudo
loup,lobo
urgent,urgente
attente,esperando
bêtises,bufonadas
appels,llamadas
mystère,misterio
travailles,trabajar
vélo,bicicleta
vends,vender
armé,armado
réaction,reacción
flotte,flota
bleue,azul
foot,fútbol
foutez,charla
virus,virus
oeufs,huevos
élève,alumno
daniel,Daniel
êtres,seres
vengeance,venganza
stan,stan
essayais,intentó
minable,en mal estado
cérémonie,ceremonia
gordon,Gordon
uniquement,unicamente
salauds,bastardo
alan,alan
froide,frío
helen,helen
portée,alcance
disque,disco
attaqué,ofensivo
résoudre,resolver
moche,feo
scientifique,científico
colle,pegamento
lady,dama
maximum,máximo
déclaration,declaración
installer,Instalar en pc
blessés,herido
effort,esfuerzo
iras,Iras
commandement,mandamiento
panne,desglose
visiter,visitar
disiez,decir
venais,vino
pointe,punto
moque,burlón
chambres,habitaciones
convaincu,convencido
raisonnable,dentro de lo razonable
aiiez,Aiiz
rencontrés,reunió
qualité,calidad
aimée,amado
irait,iría
épousé,casar
attitude,actitud
joseph,Joseph
esclave,esclavo
milliards,mil millones
guide,guía
oeuvre,trabajar
humour,humor
bible,Biblia
boule,pelota 
sacs,bolsas
avocats,abogados
yo,yo
meurent,morir
connaissait,supo
union,Unión
ex,ex
sally,salida
blesser,herir
taylor,Taylor
maggie,Maggie
perdus,perdió
malades,enfermo
jungle,selva
jugement,juicio
essai,ensayo
écrivain,escritor
digne,valioso
survécu,sobrevivió
julia,Julia
vérifié,comprobado
linda,linda
brûlé,quemado
noble,noble
sauté,saltó
gâcher,estropear
inquiet,preocupado
enterrement,entierro
prenne,tomar
site,sitio
engager,comprometerse
rayon,Rayo
traîner,pasar el rato
rang,rango
traître,traidor
berlin,Berlina
parlant,discurso
orange,naranja
jenny,Jenny
voudras,querrá
sentais,Eperlano
bourse,bolsa
élèves,alumnos
manques,brecha
faisaient,estaban haciendo
partage,compartir 
légende,leyenda
cave,cava
voleurs,ladrones
fruits,frutas
préviens,advertir
connaissent,saber
venant,de
policiers,policía
paire,par
pommes,manzana
meilleures,mejor
cassette,casete
sommet,pico de la montaña
remplacer,reemplazar
objets,objetos
idiots,idiotas
cage,jaula
saurais,sería
limite,límite
ailes,alas
explication,explicación
ô,""""
bond,salto
floride,Florida
travaillez,Trabajar
carter,alojamiento
conseiller,consejero
portait,vistió
condamné,sentenciado
voyant,viendo
recule,recisos
bénisse,bendecir
associé,asociado
auteur,autor
écouté,escuchar
sorcière,bruja
edward,Eduardo
livrer,entregar
plainte,queja
réellement,Realmente
albert,Albert
adulte,adulto
pile,montón
communauté,comunidad
mandat,mandato
éducation,educación
ramené,devuelvelas
réponses,respuestas
bagarre,lucha
escalier,escalera
naturellement,naturalmente
désire,Anhelado
lignes,líneas
incident,incidente
kilos,libras
rats,ratas
quinze,quince
parties,partes
véhicule,vehículo
wayne,Wayne
chasser,cazar
bottes,botas
objectif,objetivo
patients,pacientes
suivante,"siguiente, próximo"
respecte,respeto
attrapé,capturado
junior,júnior
colline,Cerro
professionnel,profesional
devoirs,tareas para el hogar
conseils,puntas
effets,efectos
fichu,oscuro
blessure,herida
messages,mensajes
baby,bebé
crimes,crímenes
moscou,Moscú
villes,ciudades
voudra,querrá
moto,moto
domaine,dominio
organisation,organización
aimable,amigable
forts,fuerte
eue,eue
exercice,ejercicio
voyager,viajar
arrestation,arrestar
fasses,hacer
pizza,pizza
barbe,barba
french,francés
dossiers,archivos
tunnel,túnel
voudrez,querrá
arrivait,se acercaba
roses,rosas
amiral,almirante
cabinet,gabinete
mére,madre
poursuivre,para perseguir
forcé,fuerza
huile,aceite
grosses,grande
ranger,Guardar
furieux,furioso
vivait,vivió
aidera,ayudará
géant,gigante
tim,Tim
tours,torres
retire,tomo de
vote,votar
autorisation,permiso
risqué,riesgo
hitler,Hitler
rond,redondo
show,mostrar
territoire,territorio
venger,venganza
exprès,a propósito
tuerai,Asesinará
anges,ángeles
classique,clásico
soutien,apoyo
rentres,devolver
tokyo,Tokio
proposition,propuesta
love,amor
tests,pruebas
pétrole,aceite
réaliser,lograr
sortira,va a salir
soirs,tardes
ministère,ministerio
magazine,revista
verres,lentes
échec,falla
vieilles,antiguo
pourrions,pudo
bol,cuenco
plaire,para complacer
miller,molinero
respecter,respetar
cons,contras
golf,golf
bibliothèque,biblioteca
attirer,atraer
drapeau,bandera
possède,poseer
production,producción
conférence,conferencia
efforts,esfuerzos
pere,papá
putains,putas
précieux,precioso
religion,religión
rêver,sueño
épreuve,prueba
retenir,recordar
football,fútbol
Frankie,Frankie
échoué,ha fallado
pisser,orinar
Barry,Barry
sortes,algo así como
circonstances,circunstancias
kong,kong
mignonne,linda
excellence,Excelencia
auto,coche
do,hacer
vague,impreciso
arrêtes,parada
nôtre,nuestro
vallée,Valle
Morgan,Morgan
enterré,enterrado
tandis,tiempo
duc,duque
pêre,papá
assassiné,asesinado
ooo,ooo
charme,encanto
quart,un quarto
arrangé,organizado
guitare,guitarra
remplir,llenar
Sophie,Sophie
crève,zumbador
Jesse,Jesse
Bruce,Bruce
Sara,Sara
refuser,rechazar
donnent,dar
Luke,Luque
taper,pegar
critique,crítico
secrète,secreto
terminer,para terminar
hauteur,altura
comédie,comedia
cimetière,cementerio
baisé,follado
cardiaque,corazón
Catherine,Catherine
chiffres,cifras
fêter,celebrar
trouverez,encontrará
indien,indio
altesse,Alteza
occupée,ocupado
intelligente,inteligente
culture,cultura
deviner,adivinar
géniale,brillante
limites,límites
Nancy,Nancy
précis,preciso
éternité,eternidad
ball,pelota
plateau,meseta
prises,tomado
viendrai,vendrá
rempli,terminado
clairement,claramente
intérêts,intereses
langage,discurso
aides,ayuda
feux,incendios
Betty,Betty
copie,Copiar
profondément,profundamente
fâché,enfadado
incapable,incapaz
mercredi,miércoles
souffrance,sufrimiento
avouer,confesar
mile,milla
posez,Lugar
lion,león
ali,Ali
soigner,cuidar
fenêtres,Windows
pue,maloliente
électrique,eléctrico
italien,italiano
traversé,cruzado
réception,recepción
énerve,cabreado
rentrons,Volvamos
couvrir,cubrir
fonce,oscuro
Harvey,Harvey
Kyle,Kyle
produits,productos
loyer,renta
grace,gracia
bleus,azul
assistant,asistente
cervelle,cerebro
trente,treinta
yeah,sí
saches,saber
national,nacional
avenue,Avenida
evidemment,obviamente
reçois,recibir
cité,citado
liaison,fianza
prouve,demostrar
collier,collar
aprês,después
séance,sesión
placard,alacena
criminels,criminales
irais,Vamos
riz,arroz
sandwich,emparedado
boston,Bostón
parlerai,hablará
places,lugares
stade,estadio
gagnant,ganador
moral,moral
tendre,tierno
fleuve,Río
mêre,madre
stanley,Stanley
trouvait,fundar
auparavant,previamente
personnellement,personalmente
fièvre,fiebre
champs,campos
tuera,Asesinará
chatte,gato
actes,hechos
restait,se mantuvo
amant,amante
concernant,re
las,el as
ferons,servirá
cherchent,ellos buscan
tenait,sujetaba
exécution,ejecución
ann,Ana
lou,Lou
pédé,maricón
prière,rezar
hélas,Pobre de mí
sortent,salga
bateaux,barcos
allaient,iban
durer,durar
assise,sentado
alarme,alarma
commencez,comienzo
furent,fueron
prenait,tomando
brad,puntilla
entièrement,enteramente
médecine,medicamento
juillet,julio
sortis,afuera
sensible,sensible
poudre,polvo
finale,final
plais,agradable
durs,difícil
discussion,discusión
séparer,separar
esclaves,esclavos
instructions,instrucciones
beurre,manteca
documents,documentos
taré,tara
rick,almiar
détail,detalle
baron,barón
mettent,poner
congrès,Congreso
épaule,hombro
poison,veneno
final,final
métro,subterraneo
attendrai,esperará
serment,juramento
chan,chan
pardonne,perdonado
espagnol,español
supérieur,superior
w,W
degrés,grados
rires,la risa
west,Oeste
parker,parker
tuez,matar
œufs,huevos
fiancé,prometido
nerfs,nervios
portefeuille,cartera
robot,robot
internet,Internet
expert,experto
hank,madeja
surveillance,vigilancia
foutue,jodido
rita,rita
réalisateur,director
entraîner,entrenar
martha,Martha
descendu,descendido
patrick,Patricio
comté,condado
congé,abandonar
finira,terminará
caméras,cámaras
sauce,salsa
balance,balance
destruction,destrucción
moderne,moderno
Carlos,Carlos
extrêmement,extremadamente
âmes,almas
expression,expresión
marchera,caminará
commerce,comercio
ivre,ebrio
salopard,bastardo
appétit,apetito
dette,deuda
all,todos
promener,pasear
employés,empleados
admettre,admitir
producteur,productor
attendons,esperemos
quittez,abandonar
brise,roto
wow,guau
juin,Junio
chats,gatos
remets,volver
ajouter,Para agregar
couler,fluir
Pasteur,Pastor
alliez,combinar
portrait,retrato
heu,uu
by,por
lancé,lanza
diamants,diamantes
donnée,dado
avantage,ventaja
fidèle,fiel
juger,juez
renseignements,información
gang,pandilla
loué,alquilado
réseau,la red
ouverture,apertura
travaux,obras
poussé,empujado
division,división
invitation,invitación
repartir,dividir
trous,agujeros
rappelez,recuerdo
totale,total
solide,sólido
réservé,Reservar
Willie,Willie
autorité,autoridad
fermée,cerrado
munitions,munición
neveu,sobrino
diras,diría
téléphoner,llamar
briser,romper
siècles,siglos
nerveuse,nervioso
bonbons,caramelos
blé,trigo
pourri,podrido
puits,pozos
fantômes,fantasmas
termine,Terminado
monstres,monstruos
écraser,aplastar
espérons,esperar
bétail,ganado
miens,mía
changera,cambiará
adultes,adulto
restée,se mantuvo
total,total
fierté,orgullo
pari,apuesta
sein,seno
cessez,deténgase
Elizabeth,Elizabeth
exige,requerido
étudiant,alumno
Jackie,Jackie
démarre,empezado
lâchez,Déjalo ir
Marty,Marty
passons,Vamos
vic,vic
semblez,Aparecer
gérer,administrar
électricité,electricidad
invitée,invitado
injuste,injusto
désirez,deseo
lampe,lámpara
normalement,normalmente
causer,causa
dalle,losa
mondiale,global
comptez,contar
rouler,rodar
filmer,película
rapporte,reporte
sourd,sordo
trouveras,encontrará
alliance,Alianza
convient,de acuerdo
rage,rabia
habitants,habitantes
Mamie,Abuelita
nuages,nubes
hmm,Mmm
trahi,traicionado
biens,bienes
Lewis,Luis
tournage,rodaje
créatures,criaturas
militaires,militar
blessures,heridas
barbara,Bárbara
Louise,Lúcido
règlement,asentamiento
grant,otorgar
étudié,estudió
courez,correr
habiller,vestirse
soeurs,hermanas
soins,cuidado
célibataire,soltera
veuve,viuda
Canada,Canadá
dépêche,despacho
progrès,Progreso
dégoûtant,desagradable
fan,admirador
matière,materia
avril,abril
molly,muchacha
cercle,circulo
Davis,Davis
nucléaire,nuclear
pervers,pervertido
échelle,escalera
adorer,amor
trouvais,fundar
orchestre,orquesta
déposer,archivar
cadavres,cuerpos
échappe,Escapar
emprunter,para pedir prestado
exprimer,Expresar
caractère,temperamento
libéré,liberado
signes,señales
fêtes,Días festivos
vedette,estrella
lisez,leer
commençons,Empecemos
robin,Robin
généreux,generoso
méchants,chicos malos
formation,capacitación
bâton,palo
timide,tímido
gentils,amigable
premières,primero
passagers,pasajeros
immense,inmenso
serviette,servilleta
mangez,comer
diriger,dirigir
passant,paso
Ruth,Piedad
min,mínimo
préférée,favorito
perdez,perder
plaque,placa
espion,espiar
connue,conocido
eaux,aguas
deviennent,convertirse en
emporter,llevar
Gary,Gary
cruel,cruel
citoyens,los ciudadanos
von,von
tension,tensión
ranch,rancho
Karen,Karen
business,negocio
your,su
organiser,arreglar
étonne,sorprende
terroristes,terroristas
that,que
micro,micrófono
ordure,basura
léger,luz
température,la temperatura
unités,unidades
populaire,popular
joueurs,jugadores
beth,beth
vincent,Vicente
voies,pistas
regardais,mirado
saloperie,bastardo
traverse,cruce
intelligence,inteligencia
expériences,experiencias
Miami,Miami
opérations,operaciones
santa,Papa Noel
arrange,arreglo
dragon,continuar
sûrs,seguro
enterrer,enterrar
pouviez,pudo
craindre,temer
mortel,mortal
issue,Salir
demeure,restos
mouche,mosca
donna,donna
octobre,octubre
commandé,ordenar
passeport,pasaporte
dés,desde
couronne,corona
oublierai,olvidará
accusation,cobrar
procédure,procedimiento
rendez,ir
objection,objeción
retourné,devolver
relax,Relax
publique,público
appart,Departamento
imagines,imaginación
jouent,están jugando
inde,India
travaillent,laboral
essaies,probar
Lincoln,Lincoln
psy,Psique
Vince,Vince
manuel,manual
étranges,extraño
apres,después
nombreuses,muchos
crainte,miedo
fit,adaptar
asile,asilo
cherchait,estaba buscando
branche,atascado
groupes,grupos
white,Blanco
hop,saltar
tradition,tradicion
sel,sal
centrale,central
déçu,decepcionado
tentative,intentar
négatif,negativo
autorités,autoridades
buter,apoyarse en
connerie,mierda
proposé,oferta
manières,modales
plaindre,quejarse
employé,empleado
blessée,herido
influence,influencia
forcer,forzar
bonté,bondad
Marcus,Marco
CIA,CIA
sauvages,salvaje
personnelle,personal
couvre,cobertura
coucou,Hola
audience,audiencia
out,afuera
savaient,supo
entretien,entrevista
bouffer,comer
ouai,sí
impressionnant,impresionante
acier,acero
renvoyer,despedir
salade,ensalada
collègues,colegas
chefs,jefe
guérir,sanar
entendue,Escuchó
sœurs,hermanas
êtait,estaba
semblent,parecer
participer,para participar
coule,caudal
dépasse,correr más que
réunis,reunido
plairait,por favor
enlevez,retirar
trompes,tronco
résister,resistir
technologie,tecnología
patrie,país
conséquences,consecuencias
Margaret,Margarita
cousine,prima
habits,ropa
splendide,espléndido
Ross,Ross
pipe,tubo
abattu,derrotado
cran,intestino
nue,desnudo
tuyau,pipa
accueillir,bienvenidos
découverte,descubrimiento
arracher,desgarrar
régime,régimen
reçoit,recibir
album,álbum
levez,levantar
piqué,bucear
original,original
remise,entrega
allume,posarse
promotion,promoción
juan,Juan
examiner,examinar
franc,franco
filé,hilo
éteint,apagado
canapé,sofá
commander,ordenar
dessin,dibujo
guère,difícilmente
interroger,pregunta
oscar,Oscar
paraître,Aparecer
découvre,descubrir
département,Departamento
vise,objetivo
obéir,obedecer
renforts,refuerzos
lily,lirio
événements,eventos
innocents,inocente
ç,VS
organisé,organizado
sain,saludable
devras,deber
reprends,reanudar
goutte,gota
cole,col
souffert,sufrir
excitant,emocionante
façons,modales
saurai,estarán
charlotte,Charlotte
sou,sopa
réveil,despertar
ken,Conocido
benny,benny
usa,EE.UU
volée,robado
préférerais,preferiría
suprême,supremo
tarte,tarta
changent,cambio
revienne,regresar
solitaire,solitaria
cravate,corbata
rocky,rocoso
vérifiez,controlar
ose,atrevimiento
souper,cena
événement,evento
remarque,observación
chevalier,caballero
suffisamment,suficiente
charger,Cargar
produire,producir
repris,retirado
record,registro
carol,villancico
williams,Williams
jo,alegría
préparez,preparar
garce,perra
mêle,mezcla
étape,escenario
motel,motel
pro,Pro
autorisé,autorizado
principale,principal
clinique,clínico
devenus,convertirse en
italie,Italia
intéressante,interesante
jonathan,Jonathan
abattre,demoler
ère,tiempo
invisible,invisible
dégâts,daño
clark,Aclarar
élever,elevar
suggère,sugerir
rigole,risa
dent,diente
éclater,de estallar
tabac,tabaco
disques,discos
manquait,carecía de
contacter,Contactar con
valait,valió la pena
fusils,rifles
émotions,emociones
queje,que yo
publicité,publicidad
simples,simple
éléments,elementos
exception,excepción
sincère,sincero
rattraper,ponerse al día
efficace,eficiente
éteindre,apagar
linge,ropa sucia
goûter,probar
nathan,Nathan
possibilité,posibilidad
canard,pato
marqué,Marca
caporal,corporal
déplacer,Muevete
devrez,tendrá que
morale,moral
insiste,insistente
katie,katie
parking,estacionamiento
identifier,Identificar
pouvaient,pudo
personnages,personajes
cabane,cabaña
intéressé,interesado
stylo,lápiz
adoré,adorado
attaché,adjunto
cri,grito
kg,kg
angle,ángulo
séparés,apartado
traîne,arrastrado
instinct,instinto
déclaré,declarado
sire,padre
pleut,rayo
séjour,Quédate
ordures,basura
Raymond,Raymond
délire,delirio
pires,peor
rumeurs,rumores
fauteuil,Sillón
coûté,costo
adjoint,asistente
Stephen,Stephen
collègue,compañero de trabajo
one,Uno uno
poches,bolsillos
novembre,noviembre
illégal,ilegal
restons,Quédate
bonhomme,compañero
appuie,apoyo
difficiles,difícil
laissera,se ira
courte,corto
lâ,la
tuent,matar
lot,lote
levé,encuesta
seules,solamente
vivez,En Vivo
personnalité,personalidad
leo,León
scandale,escándalo
conclu,concluido
frigo,nevera
admire,admirar
aïe,Ay
tragédie,tragedia
oblige,obligatorio
commandes,pedidos
pénis,pene
boue,lodo
dettes,deudas
enseigne,enseñó
obscurité,oscuridad
pages,páginas
chapitre,capítulo
violent,violento
signature,firma
conseille,tutor
vendeur,vendedor
visages,caras
rarement,poco frecuentemente
essayait,estaba intentando
serré,apretado
mères,madres
tels,tal
halte,deténgase
collection,recopilación
désastre,desastre
noix,nuez
mourra,morirá
rejoins,unirse
reconnaissance,Reconocimiento
blagues,bromas
duke,Duque
méthode,método
bienvenu,bienvenidos
donnait,dio
gratuit,libre
boîtes,cajas
marches,pasos
Brooklyn,Brooklyn
valises,bolsas
enfermé,encerrar
gants,guantes
rompu,roto
coïncidence,coincidencia
vilain,travieso
poing,puño
britannique,británico
dispute,disputar
trahison,traición
téléphoné,teléfono
août,agosto
feuilles,hojas
quatrième,cuatro
révérend,reverendo
censée,supuesto
devaient,para donde
placé,cuadrado
ténèbres,oscuridad
enfui,huido
impliqué,involucrado
vire,encendido
pilules,píldoras
préfères,prefieren
for,por
population,población
manges,comiendo
pleuré,llorar
chasseur,cazador
livraison,entrega
reprend,currículums
emporte,quitar
louer,para alquilar
mette,poner
bizarres,extraño
torture,tortura
remarquable,sobresaliente
termes,términos
journalistes,periodistas
honnêtement,honestamente
câble,cable
longs,largo
estime,valorado
démons,demonios
impôts,impuestos
massacre,masacre
pomme,Manzana
autoroute,autopista
sociale,social
moyenne,significar
ingénieur,ingeniero
doug,Doug
péchés,señales
laissent,abandonar
tarder,demora
divine,Divino
éloigner,retirar
clan,clan
obligée,obligatorio
xena,Xena
merveille,preguntarse
concentrer,enfoque
venons,Vamos a venir
opéra,ópera
oxygène,oxígeno
sexuel,sexual
industrie,industria
aimerai,gustaría
z,Z
sortons,salgamos
accent,acento
lawrence,Lawrence
gris,Gris
sean,Sean
mesures,medidas
batterie,batería
toast,tostada
postes,estaciones
communication,comunicación
manche,manga
grandir,creciendo
banques,bancos
tonnes,montones
gentleman,Caballero
zut,Maldita sea
numéros,números
officiel,oficial
chariot,carro
otages,rehenes
prime,principal
poésie,poesía
annuler,anular
jersey,Jersey
chagrin,tristeza
ellen,ella n
déconne,desconectar
fabuleux,fabuloso
dennis,Dennis
complexe,complejo
trafic,tráfico
trouille,canguelo
us,A NOSOTROS
débrouiller,bajate
commencent,empezar
cinquante,cincuenta
vraies,real
discute,conversar
communiste,Comunista
francs,francos
sacrifice,sacrificio
française,francésa
foie,hígado
statue,estatua
résistance,resistencia
mettra,pondrá
volontiers,con alegría
drogues,drogas
cercueil,ataúd
pendu,colgado
ignorer,ignorar
tireur,tirador
eut,tenido
piquer,picadura
creuser,cavar
médaille,medalla
crée,creado
équipement,equipo
phase,fase
chaos,caos
salue,saludo
survie,supervivencia
défi,desafío
trouvés,fundar
rencontrée,reunió
boum,auge
longues,largo
telles,como
arriverai,llegará
gâché,estropear
harris,Harris
brigade,brigada
fiers,orgulloso
ennuyeux,aburrido
cieux,Cielos
contient,contiene
aile,ala
oignons,cebollas
vaches,vacas
sensation,sensación
chanceux,afortunado
angela,Angela
gamine,niño
cooper,cobre
cessé,detenido
tina,Tina
ressemblait,parecía
plante,planta
scènes,escena
solitude,soledad
activité,actividad
mobile,móvil
principe,principio
rejoint,unirse
économie,economía
armés,armado
plastique,el plastico
regardent,Mira
chant,canción
verte,verde
couru,corrió
regardait,mirar
ford,Vado
besoins,necesidades
terroriste,terrorista
assister,para asistir
bail,arrendar
roue,rueda
putes,putas
sachez,saber
harold,Harold
amenez,Aménez
génération,generación
causé,causa
entraîneur,entrenador
rigoles,canales
amanda,Amanda
présenté,presente
trompez,hacer trampa
mordu,mordido
vampire,vampiro
jacques,Jacques
fans,aficionados
bourré,ebrio
éliminer,eliminar
enfoirés,presentado
freddy,Freddy
bloc,bloquear
pourvu,previsto
décisions,decisión
eve,Víspera
jacob,jacob
symbole,símbolo
croirait,creería
sagesse,sabiduría
politiques,políticas
taux,Velocidad
nègre,negro
jetez,tirar a la basura
malédiction,maldición
masse,masa
phrase,fraseo
pompes,zapatillas
reconnaissant,agradecido
pension,pensión
renoncer,para renunciar
sexuelle,sexual
regardant,buscando
ordonne,ordenado
four,horno
règne,reinado
saut,salto
terreur,terror
avaler,tragar
ongles,uña
pratiquement,prácticamente
laissons,Dejemos
jalouse,celoso
outils,instrumentos
espérer,a la esperanza
tueurs,asesinos
terriblement,terriblemente
charité,caridad
prêtes,Listo
écriture,escritura
oublies,olvidar
adorent,amor
etje,y yo
luxe,lujo
irez,continuar
ambassadeur,embajador
bush,arbusto
arrêtera,se detendrá
informer,informar
orage,tormenta
revenus,ingreso
pisse,orinar
renvoyé,encendido
sachant,conocimiento
tombes,Caido
rois,reyes
époux,esposo
accueil,bienvenida
relève,relevo
judy,Judy
aidez,Ayuda
môme,niño
diego,diego
atmosphère,atmósfera
routes,carreteras
ravissante,preciosa
coach,entrenador
ennui,aburrimiento
suffisant,suficiente
poème,poema
jouets,juguetes
jennifer,Jennifer
usage,usar
prières,oraciones
revue,revisión
adaptation,adaptación
suffira,Será suficiente
collège,escuela intermedia
singes,monos
otage,rehén
apprécier,disfrutar
diplôme,Diplomado
bâtard,bastardo
destination,destino
analyse,analizar
caroline,carolino
demandent,solicitud
décembre,diciembre
côtes,costillas
casier,armario
fermes,granjas
patrouille,patrulla
royal,real
tit,teta
mérites,mérito
texte,texto
jusque,Hasta que
tigre,Tigre
çà,que
be,ser
médical,médico
ieur,ira
svp,por favor
ron,ron
pouce,pulgada
plaisantez,broma
requin,tiburón
essentiel,básico
espèces,especies
fruit,Fruta
came,leva
cesser,Cesar
allen,Allen
teddy,osito de peluche
annulé,cancelado
dangereuse,peligroso
poète,poeta
nanas,nanas
tiendra,sostendrá
emmenez,tomar
passerai,pasará
automne,otoño
habillé,vestido
guerrier,guerrero
pique,pico
savon,jabón
satisfait,satisfecho
sépare,separado
agi,Actuar
ordonné,ordenado
serre,apretado
neil,neil
cassée,roto
deviez,tuve que
arts,letras
ramasser,levantar
anthony,Antonio
baisser,reducir
pirates,piratas
avertir,para advertir
menacé,amenazar
so,ASI QUE
détendre,aflojar
rembourser,reembolsar
fabrique,hecha
métal,metal
expliqué,Explique
lecture,lectura
josh,Josh
attire,atraído
carrément,completamente
irons,hierros
mere,madre
combats,lucha
pensons,Pensar
mélange,mezclado
travaillais,trabajar
syndicat,Unión
queique,ASIC
indice,pista
marines,Armada
enverrai,enviará
hill,Cerro
processus,proceso
joint,sello
ouvriers,trabajadores
marques,marcas
dépassé,anticuado
pa,Pensilvania
ailles,heridas
bats,murciélagos
pourront,mayo
clown,payaso
poubelle,bote de basura
marins,marineros
boisson,bebida
vaincre,superar
combinaison,combinación
demandait,preguntó
testament,voluntad
sonné,herido
flammes,llamas
dégueulasse,desagradable
ø,Ø
administration,administración
commissariat,estación de policía
envoyée,enviado
green,verde
dépose,depósito
lâché,cobardemente
réveillée,despierto
épaules,hombros
jay,arrendajo
artistes,artistas
culotte,fresco
vides,vacío
er,jerga
énormément,enormemente
team,equipo
quittes,abandonar
accuse,acusado
magicien,Mago
importants,importante
direz,Tu dirás
fouiller,para frustar
paierai,pagará
écoles,escuelas
cm,cm
reverra,Veré de nuevo
articles,elementos
trône,trono
laboratoire,laboratorio
Andrew,Andrés
panier,cesta
endormi,dormido
lave,lavar
buddy,Compañero
cuir,cuero
huh,¿eh?
foutus,maldita sea
resterai,permanecerá
cendres,cenizas
stone,piedra
environnement,medio ambiente
rumeur,rumor
interrompre,interrumpir
vaudrait,valdría la pena
matinée,Mañana
risquer,riesgo
tranquilles,tranquilo
earl,conde
transformer,transformar
planté,planta
costumes,disfraces
mickey,Mickey
machin,cosa
transport,transportación
señor,señor
indique,señalado
citoyen,ciudadano
aurions,tendrá
times,Veces
viol,violación
particulièrement,en particular
pourrons,pueden
shirt,camisa
connards,gilipollas
casino,casino
douter,duda
pendre,colgar
essaierai,intentará
accomplir,realizar
pipi,Orinar
allumer,encender
reviennent,regresar
certes,seguramente
dessert,postre
curiosité,curiosidad
fraîche,nuevo
lié,relacionado
maurice,Mauricio
little,Poco
disaient,dijo
vodka,vodka
pétrin,amasado
témoignage,testimonio
déclare,declarado
scientifiques,científicos
coco,Coco
baissez,más bajo
Anderson,Anderson
censés,supuesto
Kansas,Kansas
boules,pelotas
sauras,asuitista
éclair,destello
vain,vano
nuage,nube
création,creación
anneau,anillo
fumier,estiércol
rio,río
dose,dosis
profonde,profundo
étude,estudiar
atelier,taller
cuisiner,cocinar
vaux,vaux
malheureuse,infeliz
catholique,católico
zoo,zoo
précisément,precisamente
talents,talentos
activités,actividades
importantes,importante
bouteilles,botellas
vomir,Vomitar
tonnerre,trueno
ned,ned
assuré,asegurado
plantes,plantas
hong,Hong
destinée,destino
plaisanterie,broma
circuit,circuito
piges,cañas
Moore,Moore
observer,observar
mines,minas
peindre,pintar
porno,pornografía
comtesse,condesa
casque,casco
rate,omitido
coûter,costo
chacune,cada
Jamie,Jamie
parent,padre
dépression,depresión
télégramme,telegrama
élu,elegido
stupides,tonto
pensiez,pensar
partant,ve por
cash,dinero
profite,Aprovechar
caution,fianza
serrer,apretar
maudite,maldito
intéresser,de interes
écart,diferencia
inquiètes,preocupado
oú,Dónde
évidence,evidencia
leçons,lecciones
connus,conocido
etc,etc.
retiré,tomo de
Greg,Gregón
rendent,hacer
volontaire,voluntario
nid,nido
Oliver,Oliver
he,Oye
prêter,prestar
nichons,tetas
capitale,ciudad capital
témoigner,atestiguar
équipes,equipos
égoïste,egocéntrico
partent,abandonar
troupe,tropa
sincèrement,sinceramente
regretter,lamentar
responsabilités,responsabilidades
associés,asociado
cigare,cigarro
dean,decano
partirai,se ira
adversaire,adversario
générale,general
misère,miseria
vampires,vampiros
grève,Huelga
Nina,Nina
suisse,suizo
gâteaux,tortas
diamant,diamante
catastrophe,desastre
meubles,muebles
gus,gus
voyages,excursiones
subir,someterse
balade,paseo
allah,Alá
mêler,mezcla
signez,señal
enveloppe,sobre
ressenti,sentimiento
führer,fúcle
gras,audaz
arrêtée,detenido
explose,explotar
range,ordenado
interview,entrevista
tombent,otoño
confier,confiar
voile,navegar
fiches,tarjetas
embête,anualidad
caravane,caravana
affection,cariño
Manhattan,Manhattan
éléphant,elefante
blue,Azul
vagues,ondas
pleins,completo
fascinant,fascinante
doutais,duda
effrayant,aterrador
commercial,comercial
rapporter,reporte
fonction,función
fixe,fijado
arrete,detenido
pères,Padres
circulation,tráfico
tennis,tenis
Marc,Bagazo
navrée,desconsolado
civilisation,civilización
fameux,famoso
retenu,retenido
moutons,oveja
draps,hojas
servent,atender
jouais,jugó
éternelle,eterno
couches,capas
satellite,satélite
ramasse,recogido
endormir,poner a dormir
fillette,chica
rendra,Volverá
sujets,temas
remède,recurso
portez,tener puesto
enseigner,enseñar
observe,observado
ouverts,abierto
vues,puntos de vista
sortait,estaba saliendo
passais,pasó
ris,risa
transfert,transferir
bidon,pueden
météo,reporte del clima
explosé,explotado
loyauté,lealtad
dignité,dignidad
planche,tablón
améliorer,mejorar
hélicoptère,helicóptero
civil,civil
liens,vínculos
vif,vívido
maintenir,mantener
Craig,Craig
Vietnam,Vietnam
Claude,Tirar
pacifique,pacífico
fringues,ropa
demie,un medio
onze,once
we,nosotros
mangent,comer
connaissiez,supo
rares,extraño
naturelle,natural
sue,demandar
ricky,ricky
assaut,agresión
fâchée,enfadado
portent,llevar
kay,kay
karl,karl
pareils,lo mismo
légal,legal
tracy,tracy
eus,EUS
pr,Representantes
civils,civiles
inconnue,desconocida
eva,Eva
disparition,desaparición
nicky,níquy
steven,Steven
pompe,bomba
méchante,travieso
lancement,lanzar
quartiers,barrios
douceur,dulzura
tendu,tiempo
feuille,sábana
stuart,Stuart
leader,líder
pilotes,pilotos
ètait,estaba
mâle,masculino
tenais,retenida
royale,real
cordes,cuerdas
arrivez,llegar
bandes,bandas
promenade,Caminata
magnifiques,magnífico
emma,Emma
wallace,Wallace
veronica,Verónica
tv,TELEVISOR
adn,ADN
monseigneur,Mi señor
meure,detección
airs,melodía
emmenée,tomado
actuellement,corrientemente
peste,Plaga
Antonio,Antonio
tragique,trágico
médias,medios de comunicación
antenne,antena
avertissement,Advertencia
brille,brillo
Pedro,Pedo
conflit,conflicto
pompiers,bomberos
engin,máquina
douée,dotado
oublions,olvidar
plains,llanuras
systèmes,sistemas
foire,justa
Sonny,Hijo
patiente,paciente
coincée,atascado
canons,cañones
partira,se ira
soutenir,sostener
beach,playa
poussez,EMPUJAR
saigne,sangrado
toc,golpear
construction,construcción
boucher,carnicero
missiles,misiles
compétition,competencia
buvons,bebamos
motif,patrón
ambassade,embajada
warren,madriguera
régiment,regimiento
remarquer,observar
enregistré,registrado
collins,Collins
enregistrement,registro
doutes,dudas
sien,su
profit,lucro
sammy,sammy
audition,audiencia
lame,espada
opportunité,oportunidad
scotch,escocés
imaginé,concebido
coke,Coca
existent,existir
budget,presupuesto
pearl,perla
basse,bajo
selle,sillín
déja,ya
historique,histórico
officiellement,oficialmente
effacer,borrar
loge,presentar
francis,Francis
décrire,describir
osé,atrevido
éternel,eterno
serpents,serpientes
demanderai,le preguntará
médicament,medicamento
deviné,adivinar
armées,ejércitos
promesses,promesas
chaînes,cadenas
sentait,sintió
association,asociación
viennes,Viennes
quai,plataforma
poker,póker
saleté,suciedad
sandy,arenoso
ã,posee
irak,Irak
commences,explosión
crevé,sobresaliente
cuba,Cuba
wendy,Wendy
profil,perfil
travis,giro
tache,Mancha
viendront,vendrá
étudie,estudió
apportez,traer
tribu,tribu
crié,llamadas salientes
entraîne,Plomo
héroïne,heroína
changements,cambios
joan,Joan
correctement,adecuadamente
essaient,probar
mouvements,movimientos
atterrir,aterrizar
formes,formas
coca,Coca
fragile,frágil
poignée,resolver
cadre,cuadro
genou,rodilla
conçu,diseñado
revu,volvió a ver
légitime,legal
sauvée,salvado
déménager,mudarse
conne,tonto
dentiste,dentista
aiier,aier
ondes,ondas
ralph,ralph
mené,dirigió
discipline,disciplina
évacuer,aclarar
parié,traicionado
bières,cervezas
arabe,árabe
Russell,Russell
identifié,identificado
recevez,recibir
cachée,oculto
évite,evitar
dormais,soñado
utilisez,usar
décès,muerte
guy,tipo
get,Obtener
demoiselle,dama
fui,huido
ressemblent,Parecido
misérable,miserable
fatigue,cansado
ancêtres,ancestros
camions,camión
dormez,dormir
pan,estallido
duré,difícil
disponible,disponible
vôtres,tuya
cuit,cocido
marchait,estaba caminando
nage,natación
come,venir
suspects,sospechar
menottes,esposas
nique,niñera
panneau,señal
rit,risa
pognon,dinero
illusion,espejismo
menu,menú
Ronnie,Ronnie
établir,establecer
mettons,pongamos
retrouvée,fundar
sabre,sable
André,André
épuisé,agotado
restés,restos
continues,continuo
chanteur,Cantante
kid,niño
lola,lola
prés,cerca
tendance,tendencia
souvient,Recuerda
enfermer,encerrar
thérapie,terapia
vaisselle,platos
tournez,giro
accorde,otorgada
chemins,caminos
troupeau,rebaño
saluer,saludar
uh,OH
Kennedy,Kennedy
nettoie,limpio
assiette,lámina
discuté,discutido
touches,llaves
impact,impacto
dessins,dibujos
rompre,romper
suivent,seguir
sienne,su
verrons,veremos
angoisse,angustia
états,estados
vivons,vivamos
Mitchell,Mitchell
écrasé,aplastada
tiennent,mantener
pape,Papa
connaissons,Avistemos
Murphy,Murphy
Ivan,Iván
supposé,Ficticio
colonne,columna
assistante,asistente
mettrai,pondrá
maquillage,maquillaje
ticket,boleto
réussite,éxito
quête,búsqueda
boxe,boxeo
proposer,para proponer
boutons,botones
arriverait,Llegaría
assassins,asesinos
répétition,repetición
agissait,actuado
culpabilité,culpa
pirate,pirata
blanches,blanco
brésil,Brasil
penny,centavo
maîtres,maestría
psychiatre,psiquiatra
miracles,milagros
hello,Hola
honorable,honorable
collines,Sierras
vachement,De Verdad
taureau,toro
considère,consideró
âne,Burro
whoa,whoa
comprennent,comprender
Christian,cristiano
Justin,Justin
méthodes,métodos
canal,canal
navette,Autobús de enlace
Tyler,Tyler
légère,ligero
sortant,extrovertido
chaussettes,medias
revanche,venganza
remet,volver
mentez,mentir
bud,brote
Abby,Abby
poils,vellos
placer,poner
absent,ausente
arrivais,llegado
escaliers,escalera
funérailles,funeral
routine,rutina
noté,Nota
prenais,tomó
conducteur,conductor
subi,sufrido
photographe,fotógrafo
noires,negro
marchandise,mercancías
prendrais,Tomaría
émotion,emoción
défaut,defecto
satan,Satán
occuperai,ocupará
dog,perro
mystérieux,misterioso
carmen,carmen
possession,posesión
responsables,gerentes
raccroche,colgar
intentions,intenciones
minimum,mínimo
négocier,negociar
janvier,enero
baraque,barraca
batte,murciélago
irlandais,irlandesa
filet,red
confortable,cómodo
fermés,cerrado
ressources,recursos
rayons,rayos
innocente,inocente
Harvard,Cosecha
expédition,despacho
may,Mayo
profession,profesión
plaira,complacerá
bêtise,estupidez
restant,restante
jugé,juez
Mitch,Mitch
organise,organizado
rappelé,retirado
puissante,poderoso
pertes,pérdidas
saurait,sabría
planque,escondite
ressentir,experimentar
grotte,cueva
gentiment,amable
péter,hacer pedo
chienne,perra
tristesse,tristeza
héritage,legado
occupera,ocupará
Benjamin,El más joven
Antoine,Antoine
bloqué,obstruido
punition,castigo
constamment,constantemente
contents,contento
visites,visitas
infiniment,infinitamente
effectivement,efectivamente
chiffre,figura
conscient,consciente
manager,gerente
représentant,representante
anglaise,Inglesa
cauchemars,pesadillas
Jan,Ene
continué,continúa
réduit,reducido
gré,agradecido
filmé,filmado
stars,estrellas
Owen,Owen
embrassé,abrazado
peint,pintado
reparti,alterar
soie,seda
Lloyd,Lloyd
voisine,vecina
douzaine,docena
frankenstein,Frankenstein
attaques,ataques
gênant,irritante
superman,superhombre
arrivant,llegada
brillante,brillante
atterrissage,aterrizaje
attendra,esperará
allure,ritmo
pénible,difícil
faibles,débil
clef,llave
Bruno,Bruno
Christine,Christine
Rebecca,Rebecca
bang,estallido
pété,pedo
gardiens,guardia
formule,fórmula
soda,soda
frites,Patatas fritas
fées,hadas
angel,ángel
mm,mm
aperçu,Visión general
imaginais,imaginado
aussitôt,de inmediato
énormes,enorme
wade,vadear
choisit,elegir
montée,subida
baignoire,bañera
principes,principios
homo,homo
marchand,comerciante
cochons,cerdo
spécialiste,especialista
repéré,manchado
récupéré,recuperado
extra,extra
éclate,estallidos
survivants,sobrevivientes
auquel,a la que
apparence,apariencia
sucer,chupar
habiter,vivir
excité,entusiasmado
Houston,Houston
jules,Jules
foudre,relámpago
chasseurs,cazadores
walker,caminante
with,con
nièce,sobrina
urgences,sala de emergencias
mérité,merecido
dépensé,gastó
boys,Niños
saisir,a la entrada
équilibre,balance
allumé,posarse
lâches,cobardemente
bruits,ruido
protégé,protegido
résolu,resuelto
probable,probable
poursuite,buscar
baker,panadero
résidence,residencia
cognac,coñac
Clyde,Clyde
muscles,músculos
passées,pasado
intime,demandado
république,República
serviteur,servidor
noyer,ahogar
mortes,muerto
trompée,engañado
morgue,morgue
cherchons,miremos
coma,coma
capables,capaz
berger,pastor
apprendra,aprenderá
amateur,aficionado
dises,decir
vertu,virtud
permets,permitir
mafia,mafia
engagement,compromiso
lesquelles,cual
cachette,escondite